{
  "Actor": {
    "types": ["character", "monster"],
    "templates": {
      "base": {
        "health": {
          "value": 0,
          "max": 0
        },
        "mana": {
          "value": 0,
          "max": 0
        },
        "fate": {
          "value": 0,
          "max": 0
        },
        "tags": [],
        "biography": "",
        "race": ""
      },
      "attributes": {
        "base": {
          "phy": {
            "value": 0,
            "mod": 0
          },
          "agi": {
            "value": 0,
            "mod": 0
          },
          "wil": {
            "value": 0,
            "mod": 0
          },
          "int": {
            "value": 0,
            "mod": 0
          }
        },
        "derived": {
          "str": {
            "value": 0,
            "mod": 0
          },
          "end": {
            "value": 0,
            "mod": 0
          },
          "dex": {
            "value": 0,
            "mod": 0
          },
          "qik": {
            "value": 0,
            "mod": 0
          },
          "min": {
            "value": 0,
            "mod": 0
          },
          "pre": {
            "value": 0,
            "mod": 0
          },
          "dis": {
            "value": 0,
            "mod": 0
          },
          "wis": {
            "value": 0,
            "mod": 0
          }
        }
      },
      "battle-status": {
        "battle-status": {
          "power": {
            "attack": {
              "mod": 0
            },
            "restoration": {
              "mod": 0
            },
            "magic": {
              "mod": 0
            }
          },
          "defense": {
            "phys": {
              "mod": 0
            },
            "magic": {
              "mod": 0
            }
          },
          "speed": {
            "mod": 0
          },
          "initiative": {
            "mod": 0
          }
        }
      },
      "bad-status": {
        "bad-status": {
          "dazed": false,
          "rigor": false,
          "confused": false,
          "staggered": false,
          "afflicted": false,
          "overconfident": false
        }
      },
      "checks": {
        "athletics": {
          "mod": 0
        },
        "endurance": {
          "mod": 0
        },
        "disable": {
          "mod": 0
        },
        "operation": {
          "mod": 0
        },
        "perception": {
          "mod": 0
        },
        "negotiation": {
          "mod": 0
        },
        "knowledge": {
          "mod": 0
        },
        "analysis": {
          "mod": 0
        },
        "accuracy": {
          "mod": 0
        },
        "evasion": {
          "mod": 0
        },
        "resistance": {
          "mod": 0
        }
      }
    },
    "character": {
      "templates": [
        "base",
        "attributes",
        "battle-status",
        "bad-status",
        "checks"
      ],
      "class": {
        "img": "systems/lhtrpg/assets/ui/classes/Enchanter_Logo.png",
        "name": "",
        "subclass": "",
        "subclassrank": 1
      },
      "infos": {
        "crank": 1,
        "hate": 0,
        "fatigue": 0,
        "stress": 0,
        "level": 35
      },
      "social": {
        "guild": ""
      },
      "inventory": {
        "gold": 350
      }
    },
    "monster": {
      "templates": ["base", "attributes", "bad-status"],
      "battle-status": {
        "defense": {
          "phys": 0,
          "magic": 0
        },
        "speed": 0,
        "initiative": 0
      },
      "rank": 1,
      "idendification": "",
      "hateMultiplier": "",
      "checks": {
        "evasion": "",
        "resistance": ""
      }
    }
  },
  "Item": {
    "types": [
      "skill",
      "weapon",
      "armor",
      "shield",
      "accessory",
      "bag",
      "gear",
      "connection",
      "union"
    ],
    "templates": {
      "base": {
        "description": "",
        "tags": []
      },
      "infos": {
        "timing": "",
        "checkType": "",
        "range": "",
        "target": ""
      },
      "itemBase": {
        "rank": 1,
        "price": 0,
        "equipped": false
      },
      "defenses": {
        "pdef": 0,
        "mdef": 0
      },
      "init": {
        "initiative": 0
      }
    },
    "skill": {
      "templates": ["base", "infos"],
      "subtype": "Basic",
      "skillRank": {
        "value": 1,
        "max": 1
      },
      "cost": "",
      "limit": ""
    },
    "weapon": {
      "templates": ["base", "init", "itemBase"],
      "attack": 0,
      "magic": 0,
      "accuracy": 0,
      "main": false,
      "range": ""
    },
    "armor": {
      "templates": ["base", "defenses", "init", "itemBase"]
    },
    "shield": {
      "templates": ["base", "defenses", "itemBase"]
    },
    "accessory": {
      "templates": ["base", "defenses", "itemBase", "init"],
      "magic": 0
    },
    "bag": {
      "templates": ["base", "itemBase"],
      "bagSpace": 0,
      "limit": ""
    },
    "gear": {
      "templates": ["base", "itemBase", "infos"]
    },
    "connection": {
      "templates": ["base"]
    },
    "union": {
      "templates": ["base"]
    }
  }
}
